{"cameraMode":{"drawMode":0,"name":"Shaded","section":"Shading Mode"},"sceneLighting":true,"audioPlay":false,"sceneViewState":{"m_AlwaysRefresh":false,"showFog":true,"showSkybox":true,"showFlares":true,"showImageEffects":true,"showParticleSystems":true,"showVisualEffectGraphs":true,"m_FxEnabled":true},"in2DMode":false,"pivot":{"x":-0.28309154510498049,"y":1.6123149394989014,"z":-0.8455400466918945},"rotation":{"x":-0.10301569849252701,"y":0.8377586603164673,"z":-0.16965609788894654,"w":-0.5086897611618042},"size":4.346367835998535,"orthographic":false}