{"cameraMode":{"drawMode":0,"name":"Shaded","section":"Shading Mode"},"sceneLighting":true,"audioPlay":false,"sceneViewState":{"m_AlwaysRefresh":false,"showFog":true,"showSkybox":true,"showFlares":true,"showImageEffects":true,"showParticleSystems":true,"showVisualEffectGraphs":true,"m_FxEnabled":true},"in2DMode":false,"pivot":{"x":3.0414552688598635,"y":3.4780020713806154,"z":-6.853264808654785},"rotation":{"x":-0.02835622802376747,"y":0.3526715338230133,"z":-0.010692078620195389,"w":-0.9352583289146423},"size":6.200140953063965,"orthographic":false}